"id","certificateid","courseid","coursename","cpath","startdate","enddate","duration","flag","certificatetype","createdate"
"1","ISS-PMS-INTERN-B10-08-2022-","Python Intership-B10","Python Basic & Advanced","Python Intership-B10.jpg","2022-07-13","2022-08-13","31 days","0","landscape","2022-08-13 18:51:52"
"2","ISS-PMS-INTERN-B11-08-2022-","Python Intership-B11","Python Basic & Advanced","Python Intership-B11.jpg","2022-07-19","2022-08-19","31 days","1","landscape","2022-08-15 21:12:35"
"3","ISS-BXL-09-2022-","Excel Workshop-B1","Business Analytics Using Excel","Excel Workshop-B1.jpg","2022-09-10","2022-09-12","3 days","0","landscape","2022-09-11 15:14:51"
"8","DSCI-10-2022-","DSCI","Data Science Using Python","DSCI.jpg","2022-09-05","2022-10-12","37 Days","0","landscape","2022-10-11 15:41:12"
"10","ISS-SMP-10-2022-","SmartPLS4","SmartPLS4- Structural Equation Modelling (SEM)","SmartPLS4.jpg","2022-10-29","2022-10-31","3 Days","0","landscape","2022-10-31 14:46:31"
"13","ISS-SMP-10-2022-","SmartPLS445","SmartPLS4- Structural Equation Modelling (SEM)","SmartPLS445.jpg","2022-10-29","2022-10-31","3 Days","0","landscape","2022-11-03 21:59:58"
"14","ISS-AIWS-11-2022-","AIWS","Academic Integrity and Scholarly Writing","AIWS.jpg","05/11/2022","07/11/2022","3 Days","0","landscape","2022-11-06 17:43:48"
"15","ISS-PMS-INTERN-B15-11-2022-","Python Intership-B15","Python Made Simple (Basic & Advanced) ","Python Intership-B15.jpg","13/10/2022","13/11/2022","31 Days","0","landscape","2022-11-09 12:11:42"
"17","ISS-MATLAB-11-2022-","Matlab","MATLAB Modelling of Physical Systems","Matlab.jpg","26/11/2022","28/11/2022","3 Days","0","landscape","2022-11-26 18:30:18"
"19","ISS-DXL-12-2022-","Excel","DATA ANALYSIS USING EXCEL","Excel.jpg","10/12/2022","12/12/2022","3 Days","0","landscape","2022-12-10 11:46:23"
"20","ISS-ML-12-2022-","ML","Machine Learning - A Deep Dive","ML.jpg","17/12/2022","19/12/2022","3 Days","0","landscape","2022-12-19 10:48:37"
"21","ISS-ML-12-2022-","ML","Machine Learning - A Deep Dive","ML.jpg","17/12/2022","19/12/2022","3 Days","0","landscape","2022-12-19 10:49:55"
"23","ISS-SAP-01-2023-","erp-sap","Enterprise Resource Planning (ERP)- SAP Walkthrough","erp-sap.jpg","21/01/2023","23/01/2023","3 Days","0","landscape","2023-01-23 08:17:51"
"25","ISS-AP-02-2023-","msap","Making Successful Academic Presentations","msap.jpg","18/02/2023","20/02/2023","3 Days","0","landscape","2023-02-20 14:34:53"
"26"," ISS-AE-03-2023-","ae","Accounting Essentials - A Deep Dive","ae.jpg","04/03/2023","06/03/2023","3 Days","0","landscape","2023-03-05 19:59:34"
"27","ISS-ML-INTERN-B20-03-2023-","ML_Python","Machine Learning Using Python","ML_Python.jpg","20/02/2023","20/03/2023","28 Days","0","landscape","2023-03-16 10:23:51"
"29","ISS-APT-INTERN-B5-03-2023-","aps","Aptitude Skills","aps.jpg","13/03/2023","26/03/2023","13 Days","0","landscape","2023-03-23 08:00:45"
"30","ISS-DOS-INTERN-B19-03-2023-","ons","Design Using Onshape","ons.jpg","27/02/2023","03/04/2023","5 Days","0","landscape","2023-04-04 14:52:36"
"32","ISS-DB-04-2023-","bid","Building Interactive Dashboards","bid.jpg","08/04/2023","10/04/2023","3 Days","0","landscape","2023-04-09 18:59:40"
"33"," ISS-BI-FDP-04-23-","pbi","Data Analytics using Power BI","pbi.jpg","21/04/2023","25/04/2023","5 Days","0","landscape","2023-04-23 22:09:31"
"35","ISS-FDP-SQL-05-","sql","Data Analytics using Python & SQL","sql.jpg","15/05/2023","25/05/2023","10 Days","0","landscape","2023-05-22 14:35:12"
"36","ISS-CCI-06-2023-","cci","Cracking Coding Interviews","cci.jpg","10/06/2023","12/06/2023","3 Days","0","landscape","2023-06-11 20:13:23"
"37","ISS-CB-06-2023-","chatbot","Build your own chatbots using NLP and Python","chatbot.jpg","17/06/2023","19/06/2023","3 Days","0","landscape","2023-06-18 23:15:49"
"38","ISS-DOS-INTERN-B24-06-2023-","dos","Design Using Onshape Advanced","dos.jpg","15/05/2023","24/06/2023","40 Days","0","landscape","2023-06-27 10:38:48"
"39","ISS-ML-INTERN-B22-06-2023-","mlp","Machine Learning using Python Advanced","mlp.jpg","15/05/2023","24/06/2023","40 Days","0","landscape","2023-06-27 10:40:38"
"40"," ISS-DSCI-B24-06-2023-","dsp","Python for Data Science","dsp.jpg","31/05/2023","30/06/2023","30 Days","0","landscape","2023-06-29 11:10:35"
"41","ISS-OAE-INTERN-B29-07-2023-","oae","Office Automation & Employability Skills","oae.jpg","14/06/2023","15/07/2023","31 days","0","landscape","2023-07-12 18:10:04"
"42","ISS-MACâ€“B23-07-2023-","mlp1","Machine Learning Using Python","mlp1.jpg","15/05/2023","15/07/2023","60 Days","0","landscape","2023-07-15 22:44:33"
"43","ISS-FDP-CHA-07-","ds_gpt","Data Science & ChatGPT","ds_gpt.jpg","17/07/2023","22/07/2023","5 Days","0","landscape","2023-07-23 12:20:40"
"44","ISS-MAC-B30-08-2023-","mlp2","Machine Learning Using Python","mlp2.jpg","26/06/2023","17/08/2023","52 Days","0","landscape","2023-08-10 20:55:58"
"45","ISS-XBI-08-2023-","msexcel","Bridging Data Analytics and Data Visualization with MS Excel and Power BI","msexcel.jpg","31/07/2023","12/08/2023","12 Days","0","landscape","2023-08-10 20:58:51"
"46","ISS-WEB-B31-08-2023-","fwd","Full Stack Web Development","fwd.jpg","05/07/2023","14/08/2023","40 Days","0","landscape","2023-08-11 05:25:34"
"47","ISS-AI-B32-09-2023-","mai","Mastering AI: From Basics to Brilliance","mai.jpg","24/07/2023","06/09/2023","44 Days","0","landscape","2023-08-30 09:21:33"
"48","ISS-BR-09-2023-","brw","Business Research walkthrough - from Basics to Reporting using SmartPLS4","brw.jpg","01/09/2023","03/09/2023","3 Days","0","landscape","2023-09-02 21:16:46"
"49","ISS-FDS-B33-09-2023-","django","Full Stack Development using Django","320b8.jpg","07/08/2023","15/09/2023","39 days","0","landscape","2023-09-05 13:26:27"
"52","Sample-ISS-","SAMP","Sample","95484.jpg","01/09/2023","07/09/2023","7 Days","0","landscape","2023-09-19 09:21:26"
"53","61b87f72e161b1639481202","sam001","Multivariate Analysis","9815c.jpg","23/09/2023","25/09/2023","3 Days","1","landscape","2023-09-19 22:49:52"
"54","ISS-MV","mv","Multivariate Analysis","bcde5.jpg","23/09/2023","25/09/2023","3 Days","0","landscape","2023-09-19 23:01:50"
"55","ATS","A","FULL STACK DEVELOPMENT USING DJANGO","6d8a0.jpg","13/09/2023","27/09/2023","2 Weeks","1","landscape","2023-09-22 21:23:30"
"56","ATS-FSD-09-2023","Django-ATS","FULL STACK DEVELOPMENT USING DJANGO","624ff.jpg","13/09/2023","27/09/2023","2 weeks","0","landscape","2023-09-22 21:46:56"
"57","ATS-FSD-09-2023","DJANGO-ATS","FULL STACK DEVELOPMENT USING DJANGO","eafa8.jpg","13/09/2023","27/09/2023","2 weeks","1","landscape","2023-09-23 05:20:31"
"58","ATS-AFSD-09-2023","DJ-ATS","FULL STACK DEVELOPMENT USING DJANGO","341b6.jpg","13/09/2023","27/09/2023","2 weeks","0","landscape","2023-09-23 05:24:05"
"59","ISS-MV-09-2023","Multivariate","Multivariate Analysis","02931.jpg","23/09/2023","25/09/2023","3 Days","0","landscape","2023-09-24 21:42:30"
"60","ISS-FSD-09-2023","Django-FSD","FULL STACK DEVELOPMENT USING DJANGO","96d94.jpg","13/09/2023","27/09/2023","2 weeks","0","landscape","2023-09-27 09:40:21"
"61","ISS-FDP-JAVA-10-2023-","FDP JAVA","FDP JAVA","54a11.jpg","27/09/2023","05/10/2023","7 Days","0","landscape","2023-10-04 16:46:02"
"62","ISS-FSR-Intern-09-2023","DJ-MITS","AICTE FULL STACK DEVELOPMENT USING DJANGO","4cc23.jpg","07/08/2023","19/09/2023","42 Days","0","landscape","2023-10-06 07:33:50"
"63","ISS-SM-VAC-BSW-010-001","SM-Excel","MS EXCEL: Fundamentals and Essential techniques","9c197.jpg","11/09/2023","14/10/2023","1 Month","0","landscape","2023-10-11 08:00:02"
"64","ACE-VAC-CSE-010-001","Django-ACE","Full Stack Development using Python Framework Django","8a094.jpg","16/10/2023","20/10/2023","5 Days","0","landscape","2023-10-19 16:50:07"
"65","ISS - TAB - B35-10-2023-001","Tableau","Data Analytics & AI Powerhouse: ChatGPT, SQL, MS Excel with Tableau","0f640.jpg","09/10/2023","22/10/2023","2 weeks","0","landscape","2023-10-20 08:04:20"
"66","ISS- WS-BI-10-2023-001","DATA_ENGINEERING","DATA ENGINEERING FOR VISUAL COMPETENCE with MS POWER BI","64a6f.jpg","28/10/2023","30/10/2023","3 Days","0","landscape","2023-10-25 20:08:24"
"67","ISS- MM-11-2023-001","ML-Oct2023","Python-Powered Machine Learning: Application with Mini Projects","e786f.jpg","20/09/2023","19/11/2023","2 months","0","landscape","2023-10-31 09:54:11"
"68","ISS/SR-SKILL-B4-11-2023-001","SR","Excel Yourself","abd8e.jpg","22/11/2023","23/11/2023","2 Days","0","landscape","2023-11-14 19:58:52"
"69","ISS- MAT--11-2023-001","MM","MOMENTUM IN MATHEMATICS","ee8dd.jpg","19/11/2023","19/11/2023","1 Day","0","landscape","2023-11-18 20:18:39"
"70","ISS- RW--11-2023-001","Research Paper Writing","Art of Research Paper Writing ","cf09b.jpg","18/11/2023","20/11/2023","3 Days","0","landscape","2023-11-19 02:35:08"
"71","ISS- DAX--11-2023-001","Dax","EXHAUSTIVE ANALYTICS: DATA MODELING & DAX FOR POWER BI WITH PYTHON ESSENTIALS","5910b.jpg","25/11/2023","27/11/2023","3 Days","0","landscape","2023-11-25 05:52:38"
"72","ISS- MATLAB-12-2023-","matlab1","MATLAB MODELING AND SIMULATION","f7833.jpg","02/12/2023","04/12/2023","3 Days","0","landscape","2023-12-04 04:34:36"
"73","ISS-DJ-B40-12-2023-","DjangoNov2023","FULL STACK DEVELOPMENT USING PYTHON FRAMEWORK-DJANGO","7fd0f.jpg","27/11/2023","11/12/2023","2 Weeks","0","landscape","2023-12-07 07:18:01"
"74","ISS- PPP--12-2023-","Pragmatic-Power BI","PRAGMATIC PRACTICES FOR POWER BI","5eec4.jpg","15/12/2023","17/12/2023","3 Days","0","landscape","2023-12-15 11:59:16"
"75","ISS- MAC-CERT-12-2023-","ML-B2B-2023","MASTERING MACHINE LEARNING FROM BASICS TO BRILLIANCE","c33f2.jpg","25/10/2023","27/12/2023","2 Months","0","landscape","2023-12-25 13:46:44"
"76","ISS- EXE--12-2023-","Exe-2023","EXCEL BEYOND LIMITS: MS EXCEL ELEVATION 2023","d2d88.jpg","26/12/2023","28/12/2023","3 Days","0","landscape","2023-12-26 04:37:38"
"77","ISS- VCP--01-2024-","VISUAL COHERENCE ","DATA MANUFACTURING & VISUAL COHERENCE USING POWER BI","2bc85.jpg","03/01/2024","05/01/2024","3 Days","0","landscape","2024-01-03 21:57:04"
"78","ISS-ADX-WS-01-24-","Shasun-Adv-Excel","Shasun - Advanced Excel","8c65a.jpg","10/01/2024","10/01/2024","1 Day","0","landscape","2024-01-10 07:18:00"
"79","ISS- DDX--01-2024-","ER-Dax","Entity Relationships: Data Modeling & DAX","c7ffc.jpg","10/01/2024","12/01/2024","3 Days","0","landscape","2024-01-11 13:33:11"
"80","ISS- B42-DSPY-01-2024-","DS-Dec2023","AICTE Python for Data Science","71520.jpg","19/12/2023","19/01/2024","1 month","0","landscape","2024-01-19 10:19:09"
"81","ISS- B43-ADPY-01-2024-","Adv Python-Jan2024","ADVANCED PYTHON PROGRAMMING TECHNIQUES","5d031.jpg","06/01/2024","19/01/2024","2 Weeks","0","landscape","2024-01-19 10:26:10"
"82","ISS- R-PRG--01-2024-","R Programming- Jan 2024","Beginning Statistical Analysis with R","ba3e3.jpg","19/01/2024","21/01/2024","3 Days","0","landscape","2024-01-21 10:41:23"
"83","ISS- WB--01-2024-","MYSQL WORKBENCH- Jan 2024","UNLOCKING DATA CAPACITY WITH MYSQL WORKBENCH","9a2c3.jpg","24/01/2024","26/01/2024","3 Days","0","landscape","2024-01-26 05:21:59"
"84","ISS- CE-FDP--01-2024-","CRAFTING EXCELLENCE","CRAFTING EXCELLENCE: INTEGRATING RESEARCH METHODOLOGY AND PERSONALITY ENRICHMENT IN FACULTY GROWTH AND INNOVATION","ad6fc.jpg","22/01/2024","28/01/2024","7 Days","0","landscape","2024-01-28 10:53:42"
"85"," ISS- SF--02-2024-","SALES FORCE TABLEAU -Jan 2024 ","VISUALIZATION MAVERICK: SALES FORCE TABLEAU","a4b34.jpg","31/01/2024","02/02/2024","3 Days","0","landscape","2024-02-02 08:55:18"
"86","ISS-CG-02-2024-","Career Guidance Feb 2024","CAREER GUIDANCE PROGRAM","99ec4.jpg","04/02/2024","04/02/2024","1 Day","0","landscape","2024-02-04 02:33:34"
"87","ISS- B47-MMY-01-2024-","Machine Learning Mastery-Jan2024","Machine Learning Mastery","a76d0.jpg","24/01/2024","06/02/2024","2 Weeks","0","landscape","2024-02-06 14:12:46"
"88","ISS- -STA-FDP--01-2024-","SALESFORCE TABLEAU & CHATGPT & AI TOOLS Feb 2024","UTILIZING CAPACITIES: SALESFORCE TABLEAU & CHATGPT & AI TOOLS","bf215.jpg","31/01/2024","07/02/2024","7 Days","0","landscape","2024-02-07 12:43:55"
"89","ISS- AT--02-2024-","Embracing Efficiency: Chatgpt & Ai Tools-Feb2024","EMBRACING EFFICIENCY: CHATGPT & AI TOOLS","95250.jpg","05/02/2024","07/02/2024","3 Days","0","landscape","2024-02-07 12:49:57"
"90","ISS- DQ- 02--2024-","DATA QUADRANT-Jan-Feb2024","DATA QUADRANT: POWER BI, SQL, TABLEAU, R PROGRAMMING, CHATGPT & AI TOOLS","526fe.jpg","10/01/2024","09/02/2024","1 month","0","landscape","2024-02-07 13:02:57"
"91","ISS- JOA- 02--2024-","JACK OF ALL TRADES01-Dec-Feb2024","JACK OF ALL TRADES - ULTIMATE UPSKILLING","7b6a0.jpg","19/12/2023","19/02/2024","2 Months","0","landscape","2024-02-07 13:11:11"
"92","ISS- B27- EM-02-2024-","ENGLISH MADE EASY & EMPLOYABILITY SKILLS-Feb2024","ENGLISH MADE EASY & EMPLOYABILITY SKILLS ","d3650.jpg","29/01/2024","09/02/2024","2 Weeks","0","landscape","2024-02-09 12:09:07"
"93","ISS- ES--02-2024-","IOT-Feb2024","DESIGN OF IOT BASED APPLICATION USING ESP32","2bdc3.jpg","10/02/2024","12/02/2024","3 Days","0","landscape","2024-02-10 11:01:44"
"94","ISS- FP--02-2024-","Funding Project - Feb2024","FRAMEWORK FOR RESEARCH AND PROJECT PROPOSAL WRITING & FUNDING OPPORTUNITIES FOR PROJECT","b5c17.jpg","16/02/2024","18/02/2024","3 Days","0","landscape","2024-02-17 20:25:31"
"95","ISS-EBA-02-2024-","Excel Basic Advanced - feb 2024","WORKING KNOWLEDGE OF EXCEL BASIC & ADVANCED ","995db.jpg","13/02/2024","24/02/2024","2 weeks","0","landscape","2024-02-24 14:03:37"
"96","ISS--WM--02--2024-","Webminds JS-Feb2024","Webminds Javascript Feb 2024","614e1.jpg","19/02/2024","02/03/2024","2 weeks","0","landscape","2024-03-02 13:27:18"
"97","ISS--DMV--02--2024","Power BI Data Modeling and Visualization Feb Mar - 2024","Power BI :Data Modeling and Visualization","24987.jpg","27/02/2024","10/03/2024","2 weeks","0","landscape","2024-03-10 22:22:50"
"98","ISS--DG--02--2024-","Data Gateway Feb Mar 2024","Data Gateway: MS Excel, Power BI & Data Modeling","94c7b.jpg","13/02/2024","12/03/2024","1 Month","0","landscape","2024-03-14 10:58:30"
"99","ISS--ECM--03--2024-","Embedded C Mar 2024","Embedded C Programming Micro Controllers","2b972.jpg","09/03/2024","11/03/2024","3 Days","0","landscape","2024-03-16 11:09:13"
"100","ISS--APT--03--2024","Aptitude Training Mar 2024","APTITUDE TRAINING","85f3c.jpg","06/03/2024","20/03/2024","2 weeks","0","landscape","2024-03-20 18:48:04"
"101","ISS--DDPT--03-2024-","Dynamic Dashboard Partner Tableau Mar 2024","Tableau Dynamic Dashboard Partner","9884c.jpg","18/03/2024","20/03/2024","3 Days","0","landscape","2024-03-21 16:33:32"
"102","ISS-MT--03-2024-","MYSQL & TABLEAU Mar 2024","ESSENTIAL INSIGHTS MYSQL & TABLEAU ","61c89.jpg","12/03/2024","22/03/2024","2 weeks","0","landscape","2024-03-21 17:15:27"
"103","ISS--PYT--03-2024-","PYTHON CODING MADE EASY MAR 2024","PYTHON CODING MADE EASY","96285.jpg","25/03/2024","27/03/2024","3 Days","0","landscape","2024-03-27 15:26:48"
"104","ISS-- JOM--03-2024-","JACK OF ALL TRADES II-","JOAT OF ALL TRADES","13724.jpg","05/02/2024","27/03/2024","2 Months","0","landscape","2024-03-27 16:42:24"
"105","ISS-JOT--03-2024-","JACK OF ALL TRADES II FEB - MAR 2024","JACK OF ALL TRADES","a1978.jpg","05/02/2024","27/03/2024","2 Months","0","landscape","2024-03-27 16:46:23"
"106","aS","As","asd","fb5e3.jpg","25/04/2024","21/04/2024","asd","1","landscape","2024-04-23 09:47:15"
"107","ISS-FSDPD-04-2024-","Full Stack Development using django Apr_May 2024","FULL STACK DEVELOPMENT USING PYTHON FRAMEWORK DJANGO","14b6f.jpg","03/04/2024","03/05/2024","1 Month","0","landscape","2024-05-03 07:45:58"
"108","ISS--MLM--05-2024--","MACHINE LEARNING MASTERY: A DEEP DIVE INTO DATA SCIENCE-Apr_May 2024","MACHINE LEARNING MASTERY: A DEEP DIVE INTO DATA SCIENCE","712ce.jpg","12/04/2024","09/05/2024","1 Month","0","landscape","2024-05-09 18:02:06"
"109","ISS--ARMD--05--2024-","Advanced Research Methodology May 2024","ADVANCED RESEARCH METHODOLOGY THROUGH STRATEGIC DATA ANALYSIS","8429e.jpg","06/05/2024","10/05/2024","5 Days","0","landscape","2024-05-10 12:20:32"
"110","ISS--JS--05-2024-","PROJECT POWERED JAVASCRIPT UNVEILING THE DEPTHS FROM BASICS TO MASTERY MAY2024","PROJECT POWERED JAVASCRIPT UNVEILING THE DEPTHS FROM BASICS TO MASTERY","312c5.jpg","15/05/2024","17/05/2024","3 Days","0","landscape","2024-05-17 15:26:39"
"111","ISS--SCO--05--2024-","SUMMER CAMP MAY 2024","SUMMER CAMP- OFFICE AUTOMATION TOOLS - MATHEMATICS - PERSONALITY ENRICHMENT PROGRAM","3c3b5.jpg","01/05/2024","21/05/2024","3 weeks","0","landscape","2024-05-21 12:15:57"
"112","ISS--esp-05-24--","EXCEL SKILLS MAY2024","EXCEL SKILLS FOR PROFESSIONALS: ESSENTIAL AND ADVANCED FUNCTIONS","cd1eb.jpg","22/05/2024","04/06/2024","2 weeks","0","landscape","2024-06-04 00:37:03"
"113","ISS--EDA--06-24-","EXCEL ANALYTICS - June2024","EXCEL ANALYTICS: UNLEASHING THE POWER OF DATA FOR PRACTICAL RESEARCH","b6bc1.jpg","03/06/2024","07/06/2024","5 Days","0","landscape","2024-06-07 12:20:45"
"114","ISS--PYES--06--24--","PYTHON ESSENTIALS-June2024","PYTHON ESSENTIALS: A JOURNEY FROM BASICS TO MASTERY","d3b97.jpg","10/06/2024","21/06/2024","2 weeks","0","landscape","2024-06-21 13:13:27"
"115","ISS--ADPL--06--24--","ADVANCED PYTHON PROGRAMMING - June2024","ADVANCED PYTHON PROGRAMMING WITH POWERFUL LIBRARIES","2eb9d.jpg","05/06/2024","21/06/2024","2 weeks","0","landscape","2024-06-21 15:28:50"
"116","ISS--PSD--06--24--","Python for Data Science - June2024","PYTHON FOR DATA SCIENCE JUNE 2024","00a44.jpg","22/05/2024","21/06/2024","1 Month","0","landscape","2024-06-21 15:49:55"
"117","ISS--EXM--06--24--","MASTERING EXCEL-JUNE2024","MASTERING EXCEL: ESSENTIAL AND ADVANCED FUNCTIONS FOR PROFESSIONALS","0f368.jpg","10/06/2024","26/06/2024","2 weeks","0","landscape","2024-06-26 13:41:27"
"118","ISS--AIML--06--24","AI-POWERED MACHINE LEARNING MASTERY - June2024","AI-POWERED MACHINE LEARNING MASTERY: FROM FUNDAMENTALS TO ADVANCED TECHNIQUES","44643.jpg","18/06/2024","29/06/2024","2 weeks","0","landscape","2024-06-29 11:17:30"
"119","ISS--DAR--06--24","Data Analysis with R - June2024","UNVEILING INSIGHTS: DATA ANALYSIS WITH R PROGRAMMING","ceef9.jpg","29/06/2024","01/07/2024","3 Days","0","landscape","2024-07-01 14:17:30"
"120","ISS--EDH--07-24","EXCEL EXCELLENCE-JULY2024","EXCEL EXCELLENCE: TECHNIQUES FOR DYNAMIC DATA HANDLING","56fd5.jpg","10/07/2024","12/07/2024","3 Days","0","landscape","2024-07-11 23:30:09"
"121","ISS-WC-07-24","FUNDAMENTALS OF WEB CRAFTING-JULY2024","FUNDAMENTALS OF WEB CRAFTING:CORE CONCEPTS OF BUILDING WEBSITES","38c5e.jpg","03/07/2024","16/07/2024","2 weeks","0","landscape","2024-07-16 15:24:50"
"122","ISS--ADE--07--24-","ADVANCED DATA EXPLORATION-JULY2024","ADVANCED DATA EXPLORATION: UNRAVELING INSIGHTS THROUGH COMPUTATIONAL TECHNIQUES","f983c.jpg","25/06/2024","19/07/2024","1 Month","0","landscape","2024-07-19 11:59:37"
"123","ISS--AI--07--24-","MASTERING AI- JULY2024","MASTERING AI: A DEEP DIVE INTO MACHINE LEARNING","39a9f.jpg","10/06/2024","19/07/2024","6 Weeks","0","landscape","2024-07-19 15:15:20"
"124","ISS--PE--07--24","EFFICIENCY ENGINEERING-JULY2024","EFFICIENCY ENGINEERING: LEVERAGING AI TOOLS FOR PROMPT ENGINEERING","35fd5.jpg","20/07/2024","22/07/2024","3 Days","0","landscape","2024-07-21 20:36:36"
"125","ISS--EP--07--24"," EXCEL & POWER BI - July2024","EXCEL & POWER BI: THE ULTIMATE DATA DUO","18f11.jpg","10/07/2024","23/07/2024","2 weeks","0","landscape","2024-07-22 20:57:18"
"126","ISS--ADP--07--24"," ADVANCED WEB SOLUTIONS WITH PYTHON AND DJANGO - July2024"," ADVANCED WEB SOLUTIONS WITH PYTHON AND DJANGO ","c58cc.jpg","17/07/2024","31/07/2024","2 weeks","0","landscape","2024-07-31 14:48:13"
"127","ISS--FSD--07--24","FULL STACK DEVELOPMENT - July2024","FULL STACK DEVELOPMENT USING PYTHON FRAMEWORK DJANGO ","1f459.jpg","03/07/2024","31/07/2024","1 Month","0","landscape","2024-07-31 15:08:57"
"128","ISS--EP--08-24","ENVISION PYTHON - August 2024","ENVISION PYTHON: INNOVATIVE PROGRAMMING TECHNIQUES","26abe.jpg","31/07/2024","02/08/2024","3 Days","0","landscape","2024-08-02 13:44:43"
"129","ISS--SPC--08--24","SQL, PYTHON AND CHATGPT-AUGUST2024","EMPOWERING DATA AND AI SKILLS WITH SQL, PYTHON AND CHATGPT","bd205.jpg","24/07/2024","06/08/2024","2 weeks","0","landscape","2024-08-06 13:31:18"
"130","ISS--JOAT--03--24","JOAT03-AUGUST2024","JACK OF ALL TRADES: THE ULTIMATE UPSKILLING MATRIX","84e63.jpg","10/07/2024","06/08/2024","1 Month","0","landscape","2024-08-06 14:14:29"
"131","ISS--PL--08--24","PYTHON PROGRAMMING-AUG 2024","PYTHON PROGRAMMING: IGNITE YOUR CREATIVITY","25d01.jpg","12/08/2024","23/08/2024","2 weeks","0","landscape","2024-08-24 14:12:52"
"132","ISS--MSE--08--24","FDP Microsoft Essentials-Aug 2024","FDP Microsoft Essentials","6ae24.jpg","26/08/2024","30/08/2024","5 Days","0","landscape","2024-08-30 14:37:34"
"133","ISS--KML--08--24","PYTHON AND MACHINE LEARNING-Karpagam Clg Aug 2024","PYTHON AND MACHINE LEARNING: BASICS TO BRILLIANCE","df8e5.jpg","01/08/2024","31/08/2024","1 Month","0","landscape","2024-08-31 09:10:54"
"134","ISS--DAR--09--24","MASTERING DATA ANALYSIS-SEP 2024","MASTERING DATA ANALYSIS: FROM BASICS TO ADVANCED STATISTICAL TECHNIQUES WITH R","31997.jpg","02/09/2024","06/09/2024","5 Days","0","landscape","2024-09-05 15:51:08"
"135","ISS--DEB--09--24","DATA EXPLORATION AND BEYOND-SEP 2024","DATA EXPLORATION AND BEYOND: MANIPULATION, VISUALIZATION, AND REAL-TIME INSIGHTS","38b25.jpg","28/08/2024","06/09/2024","2 weeks","0","landscape","2024-09-06 15:17:01"
"136","ISS--PML--08--24","AICTE - PYTHON & MACHINE LEARNING-AUG 2024","AICTE - PYTHON & MACHINE LEARNING: BASICS TO BRILLIANCE","59bc8.jpg","12/08/2024","06/09/2024","1 Month","0","landscape","2024-09-06 15:43:48"
"137","ISS--DC--09--24"," DEMYSTIFY THE CODING - Sep 2024","DEMYSTIFY THE CODING - MASTERING DATA STRUCTURES, ALGORITHMS, AND PROBLEM SOLVING","a0392.jpg","02/09/2024","06/09/2024","5 Days","0","landscape","2024-09-07 10:58:33"
"138","ISS--PMB--08--24","PLACEMENT PREPARTORY BOOTCAMP - SEP 2024","PLACEMENT PREPARTORY BOOTCAMP","f978e.jpg","19/08/2024","06/09/2024","3 weeks","0","landscape","2024-09-07 12:08:47"
"139","ISS--EXM--09--24","EXCEL MASTERY - SEP 2024","EXCEL MASTERY: CORE SKILLS AND ADVANCED INSIGHTS","ac25c.jpg","09/09/2024","12/09/2024","3 Days","0","landscape","2024-09-12 15:06:52"
"140","ISS--EMC--09--24","EXCEL MASTERCLASS - SEP 2024","EXCEL MASTERCLASS: ESSENTIAL SKILLS AND ADVANCED ANALYSIS","36392.jpg","09/09/2024","21/09/2024","2 weeks","0","landscape","2024-09-20 20:44:28"
"141","ISS--RFP--09--24","RESEARCH PROPOSAL WRITING FOR FUNDING PROJECTS - SEP 2024","RESEARCH PROPOSAL WRITING FOR FUNDING PROJECTS: OPPORTUNITIES AND FUTURE ASPECTS","880c8.jpg","20/09/2024","22/09/2024","3 Days","0","landscape","2024-09-22 11:39:58"
"142","ISS--BPY--09--24","BUILDING BLOCKS OF PYTHON - SEP 2024","BUILDING BLOCKS OF PYTHON PROGRAMMING: CORE CONCEPTS","68bdc.jpg","23/09/2024","25/09/2024","3 Days","0","landscape","2024-09-25 15:10:03"
"143","ISS--JS--09--24","JAVASCRIPT INTERNATIONAL - SEP 2024","JAVASCRIPT CHRONICLES: FROM FUNDAMENTALS TO FUNCTIONAL ART","93efa.jpg","25/09/2024","27/09/2024","3 Days","0","landscape","2024-09-27 14:59:26"
"144","ISS--EWD--09--24","ESSENTIALS OF WEB DEVELOPMENT - SEP 2024","ESSENTIALS OF WEB DEVELOPMENT: CONCEPTS AND STRATEGIES FOR WEBSITE CREATION","43725.jpg","16/09/2024","27/09/2024","2 weeks","0","landscape","2024-09-27 15:08:43"
"145","ISS--PYM--10--24","PYTHON MASTERY - SEP OCT 2024","PYTHON MASTERY: FROM FUNDAMENTALS TO GUI PROJECTS","9f3b6.jpg","30/09/2024","02/10/2024","3 Days","0","landscape","2024-10-02 12:56:13"
"146","ISS--PDS--09--24","MASTERING DATA SCIENCE- Karpagam College Sep Oct 2024","MASTERING DATA SCIENCE: EXCEL TO ML TECHNIQUES","86fe7.jpg","02/09/2024","02/10/2024","1 Month","0","landscape","2024-10-02 14:06:21"
"147","ISS--PYD--09--24","PYTHON DECODED - Sep Oct 2024","PYTHON DECODED: FROM FOUNDATIONS TO OOPS","e9b61.jpg","23/09/2024","04/10/2024","2 weeks","0","landscape","2024-10-07 19:59:58"
"148","ISS--RMSP--10--24","Applied Research Methodology - Oct 2024","Applied Research Methodology: Designing, Collecting, and Analyzing Data using SPSS","80827.jpg","07/10/2024","13/10/2024","1 week","0","landscape","2024-10-11 14:26:14"
"149","ISS--PD--10--24","PYTHON & DJANGO - Sep Oct 2024","PYTHON & DJANGO: FROM BASICS TO REAL - WORLD MASTERY","baad2.jpg","30/09/2024","11/10/2024","2 weeks","0","landscape","2024-10-12 21:07:38"
"150","ISS--FSD--10--24","FULL STACK DEVELOPMENT - Sep Oct 2024","FULL STACK DEVELOPMENT USING PYTHON FRAMEWORK - DJANGO","78bf6.jpg","16/09/2024","11/10/2024","1 Month","0","landscape","2024-10-12 21:21:30"
"151","ISS--ET--10--24","EXCEL TOOLS - Oct 2024","EXCEL TOOLS FOR EFFECTIVE DATA ANALYSIS AND REPORTING","5c2c8.jpg","14/10/2024","16/10/2024","3 Days","0","landscape","2024-10-16 14:08:54"
"152","ISS--PYDA--10--24","PYTHON UNLEASHED - OCT 2024","PYTHON UNLEASHED: ADVANCED DATA ANALYSIS AND REAL-WORLD APPLICATIONS","4e746.jpg","07/10/2024","22/10/2024","2 weeks","0","landscape","2024-10-22 13:52:47"
"153","ISS--PDE--10--24","PYTHON FOR DATA EXPERTS - Sep Oct 2024","PYTHON FOR DATA EXPERTS PROCESSING, VISUALIZATION, AND APPLICATIONS","982bd.jpg","23/09/2024","22/10/2024","1 Month","0","landscape","2024-10-22 14:27:19"
"154","ISS--EXS--10--24","VERSATILE EXCEL SKILLS - Oct 2024","VERSATILE EXCEL SKILLS FOR BASIC AND ADVANCED APPLICATIONS","82608.jpg","14/10/2024","25/10/2024","2 weeks","0","landscape","2024-10-26 17:26:03"
"155","ISS--ERMS--10--24","EFFECTIVE RESEARCH MANAGEMENT WITH MS OFFICE - Oct 2024","EFFECTIVE RESEARCH MANAGEMENT WITH MS OFFICE: A HANDS-ON WORKSHOP","e66fd.jpg","25/10/2024","27/10/2024","3 Days","0","landscape","2024-10-26 18:46:04"
"156","ISS--PBIX--10--24","CRAFTING INTERACTIVE DASHBOARDS AND VISUALS - OCT 2024","CRAFTING INTERACTIVE DASHBOARDS AND VISUALS: ELEVATING DATA WITH POWER BI","8bf66.jpg","28/10/2024","30/10/2024","3 Days","0","landscape","2024-10-30 15:09:05"
"157","ISS--AMOS--11--24","APPLYING AMOS FOR STRUCTURAL EQUATION MODELING - NOV 2024","APPLYING AMOS FOR STRUCTURAL EQUATION MODELING: A DEEP DIVE INTO CFA, RELIABILITY AND VALIDITY","bdde9.jpg","04/11/2024","06/11/2024","3 Days","0","landscape","2024-11-06 15:07:46"
"158","ISS--PBIAI--11--24","UNLOCKING POWER BI - Oct Nov 2024","UNLOCKING POWER BI ADVANCED VISUALIZATION, DATA MODELING AND AI TOOLS","d72cf.jpg","28/10/2024","11/11/2024","2 weeks","0","landscape","2024-11-07 21:33:41"
"159","ISS--ET--10--24","ESSENTIAL TOOLS - OCT NOV 2024","ESSENTIAL TOOLS FOR EFFECTIVE DATA VISUALIZATION AND ANALYSIS","c8edb.jpg","14/10/2024","08/11/2024","1 Month","0","landscape","2024-11-08 15:56:52"
"160","ISS--PYUI--11--24","CRAFTING SOLUTIONS WITH PYTHON: PROGRAMMING AND GUI DEVELOPMENT - NOV 2024","CRAFTING SOLUTIONS WITH PYTHON: PROGRAMMING AND GUI DEVELOPMENT","9c5e9.jpg","11/11/2024","13/11/2024","3 Days","0","landscape","2024-11-11 19:34:29"
"161","ISS--RP--11--24","ESSENTIAL PARAMETERS FOR WRITING A HIGH-QUALITY RESEARCH PAPER - Nov 2024","ESSENTIAL PARAMETERS FOR WRITING A HIGH-QUALITY RESEARCH PAPER","d57f0.jpg","18/11/2024","22/11/2024","5 Days","0","landscape","2024-11-22 15:05:17"
"162","ISS--DM--09--24","DATA MASTERY - Sep 2024","DATA MASTERY: EXCEL TECHNIQUES AND PYTHON FUNDAMENTALS","868ec.jpg","09/09/2024","04/10/2024","1 Month","0","landscape","2024-11-23 18:41:49"
"163","ISS--ECPY--11--24","EMPOWER YOUR CODING JOURNEY - Nov 2024","EMPOWER YOUR CODING JOURNEY: DIVE INTO PYTHON PROGRAMMING","45009.jpg","11/11/2024","22/11/2024","2 weeks","0","landscape","2024-11-23 18:48:12"
"164","ISS--MEXL--11--24","MASTERING EXCEL - NOV 2024","MASTERING EXCEL FOR POWERFUL DATA SOLUTIONS","c94a0.jpg","27/11/2024","29/11/2024","3 Days","0","landscape","2024-11-29 07:44:46"
"165","ISS--DYEX--11--24","DYNAMIC EXCEL: COMPREHENSIVE EXCEL TRAINING - NOV DEC 2024","DYNAMIC EXCEL: COMPREHENSIVE EXCEL TRAINING","79e14.jpg","27/11/2024","10/12/2024","2 weeks","0","landscape","2024-12-11 20:23:11"
"166","ISS--PBI--12--24","CRAFTING INTERACTIVE DASHBOARDS AND VISUALS: ELEVATING DATA WITH POWER BI - DEC 2024","CRAFTING INTERACTIVE DASHBOARDS AND VISUALS: ELEVATING DATA WITH POWER BI","6443b.jpg","11/12/2024","13/12/2024","3 Days","0","landscape","2024-12-13 11:17:12"
"167","ISS--TT--11--24","TOOLS AND TECHNIQUES - Nov Dec 2024","TOOLS AND TECHNIQUES FOR DATA ANALYSIS AND VISUALIZATION MASTERY","b98f4.jpg","27/11/2024","24/12/2024","1 Month","0","landscape","2024-12-26 14:29:05"
"168","ISS--PBIAI--12--24","POWER BI ESSENTIALS - Dec 2024","POWER BI ESSENTIALS: DATA, DASHBOARDS AND AI-DRIVEN INSIGHTS","cc157.jpg","11/12/2024","24/12/2024","2 weeks","0","landscape","2024-12-28 09:58:52"
"169","ISS--VI--12--24","VISION 2025-Motivational Workshop - DEC 2024","VISION 2025-Motivational Workshop","2e749.jpg","29/12/2024","29/12/2024","1 Day","0","landscape","2024-12-29 02:17:19"
"170","ISS--TPML--11--24","TRANSFORMATIVE PYTHON AND MACHINE LEARNING - NOV DEC 2024","TRANSFORMATIVE PYTHON AND MACHINE LEARNING JOURNEY WITH A HANDS-ON MINI PROJECT","8adc0.jpg","11/11/2024","20/12/2024","6 Weeks","0","landscape","2024-12-30 08:41:00"
"171","ISS--APMLD--11--24","INNOVATE AND INSPIRE: ADVANCED PYTHON AND MACHINE LEARNING DEVELOPMENT - Nov Dec 2024"," INNOVATE AND INSPIRE: ADVANCED PYTHON AND MACHINE LEARNING DEVELOPMENT","0fced.jpg","25/11/2024","20/12/2024","1 Month","0","landscape","2024-12-30 09:50:31"
"172","ISS--JS--01--25","MASTERING JAVASCRIPT - Jan 2025","MASTERING JAVASCRIPT: FROM BASICS TO REAL-WORLD APPLICATIONS","eec84.jpg","02/01/2025","04/01/2025","3 Days","0","landscape","2025-01-06 12:15:10"
"173","ISS--DW--12--24","DESIGNING THE WEB - Dec 2024 Jan 2025","DESIGNING THE WEB: FROM SCRATCH TO SOPHISTICATION","b12ee.jpg","23/12/2024","04/01/2025","2 weeks","0","landscape","2025-01-06 12:32:46"
"174","ISS--PF--01--25","PYTHON FUNDAMENTALS - Jan 2025","PYTHON FUNDAMENTALS: A COMPLETE LEARNING PATH","54ef4.jpg","08/01/2025","21/01/2025","2 weeks","0","landscape","2025-01-21 14:12:30"
"175","ISS--SEM--01--25","STRUCTURAL EQUATION MODELLING USING SMARTPLS 4 - JAN 2025","STRUCTURAL EQUATION MODELLING USING SMARTPLS 4","062a6.jpg","20/01/2025","24/01/2025","5 Days","0","landscape","2025-01-24 13:10:31"
"176","ISS--EPQ--01--25","MASTERING EXCEL AND POWER QUERY - JAN 2025","MASTERING EXCEL AND POWER QUERY FOR DATA ANALYSIS AND REPORTING","f21cd.jpg","22/01/2025","24/01/2025","3 Days","0","landscape","2025-01-24 13:24:45"
"177","ISS--MAXQ--02--25","MAXQDA FOR QUALITATIVE DATA ANALYSIS AND REPORTING - Feb 2025","MAXQDA FOR QUALITATIVE DATA ANALYSIS AND REPORTING","b7ad0.jpg","01/02/2025","03/02/2025","3 Days","0","landscape","2025-02-03 14:48:43"
"178","ISS--TDEX--01--25","TRANSFORMING DATA WITH EXCEL - Jan 2025","TRANSFORMING DATA WITH EXCEL: FROM FUNDAMENTALS TO ADVANCED TECHNIQUES","5542f.jpg","22/01/2025","04/02/2025","2 weeks","0","landscape","2025-02-04 20:05:29"
"179","ISS--PD--01--25","PYTHON AND DJANGO - Jan 2025","PYTHON AND DJANGO: BUILD MODERN WEB APPLICATIONS","cabf1.jpg","08/01/2025","04/02/2025","1 Month","0","landscape","2025-02-04 20:29:15"
"180","ISS--FSD--12--24","FULL STACK DEVELOPMENT  - Dec 2024","FULL STACK DEVELOPMENT USING PYTHON FRAMEWORK - DJANGO","fbee4.jpg","23/12/2024","04/02/2025","6 Weeks","0","landscape","2025-02-04 20:52:07"
"181","ISS--AEER--02--25","ACADEMIC EXCELLENCE THROUGH REFERENCING AND ETHICAL RESEARCH PRACTICE - FEB 2025","ACADEMIC EXCELLENCE THROUGH REFERENCING AND ETHICAL RESEARCH PRACTICE","935d0.jpg","13/02/2025","15/02/2025","3 Days","0","landscape","2025-02-15 07:05:55"
"182","ISS--EXDS--02--25","EXCEL DATA SCIENCE - feb 2025","EXCEL DATA SCIENCE: ADVANCED ANALYSIS, POWER QUERY & SMART AUTOMATION","a69a6.jpg","17/02/2025","19/02/2025","3 Days","0","landscape","2025-02-19 15:06:05"
"183","ISS--CGP--02--25","THE COMPLETE GUIDE TO PYTHON PROGRAMMING - Feb 2025","THE COMPLETE GUIDE TO PYTHON PROGRAMMING","fe0d3.jpg","05/02/2025","18/02/2025","2 weeks","0","landscape","2025-02-21 21:25:27"
"184","ISS--PYEX--01--25","INTEGRATED MASTERY OF PYTHON AND EXCEL - Jan Feb 2025","INTEGRATED MASTERY OF PYTHON AND EXCEL FOR PROBLEM-SOLVING","821c3.jpg","22/01/2025","18/02/2025","1 Month","0","landscape","2025-02-21 21:48:42"
"185","ISS--DASPSS--03--25","Data Analysis using SPSS - Mar 2025","Data Analysis using SPSS","530ed.jpg","03/03/2025","07/03/2025","1 week","0","landscape","2025-03-05 14:16:25"
"186","ISS--EDS--01--25","EXPLORING DATA SCIENCE Jan - Mar 2025","EXPLORING DATA SCIENCE","da453.jpg","22/01/2025","04/03/2025","6 Weeks","0","landscape","2025-03-06 13:00:52"
"187","ISS--CPDS--02--25","COMPREHENSIVE PYTHON AND DATA SCIENCE MASTERY - Feb Mar 2025","COMPREHENSIVE PYTHON AND DATA SCIENCE MASTERY","524a4.jpg","05/02/2025","04/03/2025","1 Month","0","landscape","2025-03-06 13:40:43"
"188","ISS--PDST--02--25","THE PYTHON DATA SCIENCE TOOLKIT - Feb Mar 2025","THE PYTHON DATA SCIENCE TOOLKIT: A HANDS-ON APPROACH","b740a.jpg","20/02/2025","04/03/2025","2 weeks","0","landscape","2025-03-06 16:10:41"
"189","ISS--MSEX--03--25","MASTERING EXCEL - March 2025","MASTERING EXCEL: FROM FUNCTIONS TO AUTOMATION & DATA INSIGHTS","1a55f.jpg","10/03/2025","21/03/2025","2 weeks","0","landscape","2025-03-22 16:40:36"
"190","ISS--DVPB--03--25","DATA VISUALIZATION & OPTIMIZATION: A COMPLETE POWER BI JOURNEY - Mar 2025","DATA VISUALIZATION & OPTIMIZATION: A COMPLETE POWER BI JOURNEY","fb5b6.jpg","24/03/2025","26/03/2025","3 Days","0","landscape","2025-03-27 07:35:33"
"191","ISS--PBIAI--03--25","DATA DRIVEN EXCELLENCE: POWER BI DASHBOARDS, DAX & AI INTEGRATION - Mar Apr 2025","DATA DRIVEN EXCELLENCE: POWER BI DASHBOARDS, DAX & AI INTEGRATION","3bd5d.jpg","24/03/2025","04/04/2025","2 weeks","0","landscape","2025-04-05 11:39:27"
"192","ISS--AIDM--03--25","AI-POWERED DATA MASTERY - Mar Apr 2025","AI-POWERED DATA MASTERY: EXCEL, POWER BI & CHATGPT FOR SMARTER INSIGHTS","9620b.jpg","10/03/2025","04/04/2025","1 Month","0","landscape","2025-04-05 12:09:41"
"193","ISS--PS--04--25","PYTHON SIMPLIFIED - Apr 2025","PYTHON SIMPLIFIED: CORE CODING SKILLS & PRACTICAL APPLICATIONS","4f06a.jpg","07/04/2025","09/04/2025","3 Days","0","landscape","2025-04-09 01:04:52"
"194","ISS--SA--03--25","SHARPEN YOUR APTITUDE - Mar Apr 2025","SHARPEN YOUR APTITUDE: STRATEGIES FOR EXCELLENCE","f2a5f.jpg","31/03/2025","11/04/2025","2 weeks","0","landscape","2025-04-12 09:45:22"
"195","ISS--MDA--03--25","MASTERING DATA ANALYTICS - Mar Apr 2025","MASTERING DATA ANALYTICS: UNLOCKING INSIGHTS WITH EXCEL, POWER BI, PYTHON & AI","075da.jpg","10/03/2025","18/04/2025","6 Weeks","0","landscape","2025-04-21 12:06:46"
"196","ISS--PBIPS--03--25","FULL-STACK DATA MASTERY - Mar Apr 2025","FULL-STACK DATA MASTERY: POWER BI, PYTHON & SQL FOR IMPACTFUL ANALYTICS","f18b6.jpg","24/03/2025","18/04/2025","1 Month","0","landscape","2025-04-21 12:17:25"
"197","ISS--CEDSA--04--25","CODING EXCELLENCE - Apr 2025","CODING EXCELLENCE: A DEEP DIVE INTO DSA, PATTERNS AND REAL-WORLD PROBLEMS","d1a43.jpg","14/04/2025","18/04/2025","1 week","0","landscape","2025-04-21 12:31:42"
"198","ISS--ADS--04--25","APPLIED DATA SCIENCE: PYTHON & SQL - Apr 2025","APPLIED DATA SCIENCE: PYTHON & SQL FOR BUSINESS AND ANALYTICS","faf78.jpg","07/04/2025","18/04/2025","2 weeks","0","landscape","2025-04-21 12:50:22"
"199","ISS--PSJ--05--25","PUBLISHING SMARTER - May 2025","PUBLISHING SMARTER: NAVIGATING JOURNAL OPTIONS FOR OPTIMAL VISIBILITY","2410f.jpg","03/05/2025","03/05/2025","1 Day","0","landscape","2025-05-03 02:25:13"
"200","ISS--MATW--03--25","MASTERING APTITUDE - Mar 2025","MASTERING APTITUDE, TECHNOLOGY AND WORKPLACE READINESS","4ae82.jpg","31/03/2025","25/04/2025","1 Month","0","landscape","2025-05-03 04:13:00"
"201","ISS--OSC--05--25","ONLINE SUMMER CAMP 2025 - Apr May 2025","ONLINE SUMMER CAMP 2025 DESIGN 2.0: SHAPING THE FUTURE WITH AI TOOLS","8b09d.jpg","23/04/2025","06/05/2025","2 weeks","0","landscape","2025-05-07 06:57:22"
"202","ISS--BM--05--25","BUILDING MODERN WEBSITES - May 2025","BUILDING MODERN WEBSITES: FROM FUNDAMENTALS TO REAL‑TIME PROJECTS","e8d9b.jpg","08/05/2025","21/05/2025","2 weeks","0","landscape","2025-05-21 18:41:58"
"203","ISS--EPSP--05--25","ESSENTIAL PYTHON SKILLS - May 2025","ESSENTIAL PYTHON SKILLS FOR REAL-WORLD PROGRAMMING","b1a06.jpg","12/05/2025","23/05/2025","2 weeks","0","landscape","2025-05-23 12:13:53"
"204","ISS--EXDA--05--25","UNLOCKING THE POWER OF EXCEL May 2025","UNLOCKING THE POWER OF EXCEL FOR DATA ANALYTICS","ca579.jpg","12/05/2025","23/05/2025","2 weeks","0","landscape","2025-05-28 22:09:16"
"205","ISS--JSE--05--25","JAVASCRIPT ESSENTIALS - May - June 2025","JAVASCRIPT ESSENTIALS: FROM FUNDAMENTALS TO REAL‑WORLD APPLICATIONS","26824.jpg","22/05/2025","04/06/2025","2 weeks","0","landscape","2025-06-04 16:58:28"
"206","ISS--FED--05--25","MASTERING FRONT-END DEVELOPMENT - May to June 2025","MASTERING FRONT-END DEVELOPMENT: HTML, CSS, BOOTSTRAP & JAVASCRIPT","eec78.jpg","08/05/2025","04/06/2025","1 Month","0","landscape","2025-06-04 17:04:51"
"207","ISS--SAPB--05--25","SMART ANALYTICS WITH POWER BI AND AI - May June 2025","SMART ANALYTICS WITH POWER BI AND AI: FROM DATA CLEANING TO INSIGHTFUL DASHBOARDS","d6f84.jpg","26/05/2025","09/06/2025","2 weeks","0","landscape","2025-06-09 10:09:00"
"208","ISS--GENAI--05--25","GENERATIVE AI - May June 2025","GENERATIVE AI: BASICS TO BRILLIANCE","e7ec5.jpg","12/05/2025","08/06/2025","1 Month","0","landscape","2025-06-09 13:26:58"
"209","ISS--ML--05--25","211","MACHINE LEARNING MASTERING: BUILDING INTELLIGENT SYSTEMS WITH AI","fcb56.jpg","12/05/2025","06/06/2025","1 Month","0","landscape","2025-06-09 20:35:38"
"210","ISS--DAV--05--25","AI-DRIVEN DATA ANALYTICS AND VISUALIZATION - May June 2025","AI-DRIVEN DATA ANALYTICS AND VISUALIZATION","0c9cb.jpg","12/05/2025","07/06/2025","1 Month","0","landscape","2025-06-09 21:02:43"
"211","Ut voluptatem Facer1","Aut quod laborum bea","Roary Sweet","d5697.jpg","12/06/2025","19/06/2025","A dicta suscipit hic","1","landscape","2025-06-18 01:37:08"
"212","ISS--FSD--05--25","FULL STACK WEB DEVELOPMENT WITH PYTHON AND DJANGO - May June 2025","FULL STACK WEB DEVELOPMENT WITH PYTHON AND DJANGO FROM FRONTEND TO DEPLOYMENT","c566d.jpg","08/05/2025","18/06/2025","6 Weeks ","0","landscape","2025-06-20 02:42:30"
"213","ISS--PYDJ--05--25","INTERACTIVE FULL-STACK APPLICATIONS WITH DJANGO AND JAVASCRIPT MINI PROJECT - May June 2025","INTERACTIVE FULL-STACK APPLICATIONS WITH DJANGO AND JAVASCRIPT MINI PROJECT","874de.jpg","22/05/2025","18/06/2025","1 Month","0","landscape","2025-06-20 02:52:15"
"214","ISS--DJWD--06--25","PYTHON AND DJANGO: CORE CONCEPTS FOR WEB DEVELOPMENT - June 2025","PYTHON AND DJANGO: CORE CONCEPTS FOR WEB DEVELOPMENT","ef7ac.jpg","05/06/2025","18/06/2025","2 weeks","0","landscape","2025-06-20 02:58:55"
"215","ISS--BIEAI--05--25","BUSINESS INTELLIGENCE & DATA SCIENCE FOUNDATIONS: EXCEL TO AI - May June 2025","BUSINESS INTELLIGENCE & DATA SCIENCE FOUNDATIONS: EXCEL TO AI","3464b.jpg","12/05/2025","20/06/2025","6 Weeks ","0","landscape","2025-06-21 23:30:02"
"216","ISS--AIDI--05--25","AI-DRIVEN DATA INTELLIGENCE: FROM CODE TO INSIGHT - May June 2025","AI-DRIVEN DATA INTELLIGENCE: FROM CODE TO INSIGHT","9d14d.jpg","26/05/2025","20/06/2025","1 Month","0","landscape","2025-06-22 13:29:41"
"217","ISS--MWD--06--25","ESSENTIAL SKILLS FOR MODERN WEB DESIGN - June 2025","ESSENTIAL SKILLS FOR MODERN WEB DESIGN","dc631.jpg","09/06/2025","20/06/2025","2 weeks","0","landscape","2025-06-22 19:22:02"
"218","ISS--PYSQL--06--25","INTEGRATING PYTHON & SQL: ESSENTIAL CONCEPTS - June 2025","INTEGRATING PYTHON & SQL: ESSENTIAL CONCEPTS","28c4c.jpg","09/06/2025","20/06/2025","2 weeks","0","landscape","2025-06-22 19:40:15"
"219","ISS--FGAI--06--25","FOUNDATIONS OF GENERATIVE AI AND LANGCHAIN APPLICATIONS - June 2025","FOUNDATIONS OF GENERATIVE AI AND LANGCHAIN APPLICATIONS","a6f47.jpg","12/06/2025","24/06/2025","2 weeks","0","landscape","2025-06-28 22:28:32"
"220","ISS--DDJS--06--25","226","DEEP DIVE INTO JAVASCRIPT CORE DEVELOPMENT INSIGHTS","97702.jpg","16/06/2025","01/07/2025","2 weeks","0","landscape","2025-07-02 19:01:23"
"221","ISS--223--06--25","223","WEB DEVELOPMENT ESSENTIALS: LAYOUTS, STYLING, AND DYNAMIC INTERACTIVITY ","aa87f.jpg","09/06/2025","04/07/2025","1 Month","0","landscape","2025-07-05 21:59:05"
"222","ISS--232--06--25","232","EXCEL FOR DATA ANALYSIS: ESSENTIAL SKILLS AND PRACTICES","2b88a.jpg","23/06/2025","04/07/2025","2 weeks","0","landscape","2025-07-06 00:55:22"
"223","ISS--227--06--25","227","MODERN JAVASCRIPT: ESSENTIALS FOR BUILDING INTERACTIVE APPS","5cf10.jpg","23/06/2025","04/07/2025","2 weeks","0","landscape","2025-07-06 01:40:31"
"224","ISS--243--06--25","243","APPLIED PYTHON: BRIDGING CODE AND REAL-WORLD APPLICATIONS","9afd8.jpg","23/06/2025","07/07/2025","2 weeks","0","landscape","2025-07-06 01:53:58"
"225","ISS--222--06--25","222","DIGITAL MARKETING MASTERY: STRATEGY, SOCIAL, SEO & AI ","7e16b.jpg","11/06/2025","07/07/2025","1 Month","0","landscape","2025-07-09 00:01:36"
"226","ISS--240--06--25","240","THE DIGITAL MARKETING EDGE: INSIGHTS, INTEGRATION & IMPACT","497e7.jpg","25/06/2025","07/07/2025","2 Weeks","0","landscape","2025-07-09 00:06:24"
"227","ISS--249--07--25","249","International Online Workshop on SEM and CFA using AMOS","b88cf.jpg","09/07/2025","11/07/2025","3 Days","0","landscape","2025-07-11 15:40:07"
"228","ISS--231--06--25","231","GENERATIVE AI WITH LANGCHAIN & HUGGING FACE","322e7.jpg","12/06/2025","11/07/2025","One Month","0","landscape","2025-07-13 19:36:44"
"229","ISS--239--06--25","239","Advanced GenAI Projects with Hugging Face & RAG","4371d.jpg","25/06/2025","11/07/2025","2 Weeks","0","landscape","2025-07-14 03:42:21"
"230","ISS--214--06--25","214","Full-Stack Web Development with Python framework Django-Mini Project","9cecb.jpg","09/06/2025","18/07/2025","6 Weeks ","0","landscape","2025-07-18 02:39:48"
"231","ISS--242--06--25","242","Full-Stack Web Development: Integrating JavaScript, Python, and Django","68bba.jpg","23/06/2025","18/07/2025","1 Month","0","landscape","2025-07-18 02:47:38"
"232","ISS--241--07--25","241","Architecting Web Solutions: Python Versatility and Django Structure","29a91.jpg","07/07/2025","18/07/2025","2 Weeks","0","landscape","2025-07-18 02:49:14"
"233","ISS--235--06--25","235","AI-Driven Analytics: Excel Data Prep & Power BI Visualization Mastery","45edb.jpg","23/06/2025","18/07/2025","1 Month","0","landscape","2025-07-18 02:50:40"
"234","ISS--233--07--25","233","Power BI and AI Tools: Unlocking Advanced Data Insights","aa54f.jpg","07/07/2025","18/07/2025","2 Weeks","0","landscape","2025-07-18 02:52:39"
"235","ISS--244--07--25","244","Tkinter: Building Python Graphical User Interfaces","54cca.jpg","07/07/2025","18/07/2025","2 Weeks","0","landscape","2025-07-18 02:56:00"
"236","ISS--236--07--2025","236","UNIFIED DATA ANALYTICS:POWER BI AND AI TOOLS , PYTHON & SQL FOR PROJECT","3c8b3.jpg","07/07/2025","01/08/2025","1 Month","0","landscape","2025-07-24 11:38:39"
"237","ISS--251--07--25","251","CYBERSECURITY ESSENTIALS: SAFEGUARDING THE DIGITAL WORLD","e1b05.jpg","14/07/2025","25/07/2025","2 weeks","0","landscape","2025-07-29 11:15:13"
"238","ISS--230--06--25","230","DATA ANALYTICS MASTERY: UNIFYING EXCEL, POWER BI, AI TOOLS, PYTHON & SQL ","58acd.jpg","23/06/2025","01/08/2025","6 Weeks ","0","landscape","2025-08-02 19:11:43"
"239","ISS--234--07--25","234","PYTHON & SQL WITH PROJECT: FROM DATA TO APPLICATION","b1e95.jpg","21/07/2025","01/08/2025","2 Weeks","0","landscape","2025-08-02 19:44:36"
"240","ISS--252--07--25","252","NUMERICAL COMPUTING & ANALYSIS: LEVERAGING NUMPY AND PANDAS","40130.jpg","21/07/2025","01/08/2025","2 Weeks","0","landscape","2025-08-02 20:11:24"
"241","ISS--264--08--25","264","COMPILING REFERENCES THROUGH ZOTERO","36c09.jpg","01/08/2025","03/08/2025","3 Days","0","landscape","2025-08-03 18:05:38"
"242","ISS--255--07--25","255","BUILDING AI FOUNDATIONS","fad5b.jpg","21/07/2025","01/08/2025","2 Weeks","0","landscape","2025-08-05 09:23:30"
"243","ISS--220--06-25","220","HANDS-ON IOT SYSTEM DESIGN WITH MICROCONTROLLERS","655dd.jpg","25/06/2025","09/08/2025","2 Month","0","landscape","2025-08-18 11:42:44"
"244","ISS--253--08--25","253","Data Visualization & Modeling: Matplotlib, Seaborn, and Scikit-learn","5ba1c.jpg","04/08/2025","18/08/2025","2 Weeks","0","landscape","2025-08-18 12:20:46"
"245","ISS--219--06--25","219","MASTERING MACHINE LEARNING: DESIGNING INTELLIGENT AI SYSTEMS-MINI PROJECT","0774d.jpg","23/06/2025","18/08/2025","2 Month","0","landscape","2025-08-18 12:41:31"
"246","ISS--229--07--25","229","ADVANCED PYTHON LIBRARIES FOR ML: FROM DATA TO REAL-TIME PROJECTS","19a8d.jpg","21/07/2025","18/08/2025","1 Month","0","landscape","2025-08-18 12:53:15"
"247","ISS--256--08--25","256","Crafting Agentic Systems - From Prompts to Autonomous AI Agents","45342.jpg","04/08/2025","15/08/2025","2 Weeks","0","landscape","2025-08-18 13:35:31"
"248","ISS--254--07--25","254","Agentic AI Essentials: Build Smart AI Agents with GenAI & Automation","e92f4.jpg","21/07/2025","15/08/2025","1 Month","0","landscape","2025-08-18 13:43:20"
"249","ISS--263--08--25","263","MASTER MACHINE LEARNING â€“ FROM DATA TO PREDICTION","59f84.jpg","16/08/2025","19/08/2025","3 Days","0","landscape","2025-08-19 20:48:04"
